x-axis,1
second,Volt
-3.40000E-03,-863.25388E-03
-3.37500E-03,-843.15338E-03
-3.35000E-03,-823.05288E-03
-3.32500E-03,-823.05288E-03
-3.30000E-03,-823.05288E-03
-3.27500E-03,-823.05288E-03
-3.25000E-03,-823.05288E-03
-3.22500E-03,-823.05288E-03
-3.20000E-03,-823.05288E-03
-3.17500E-03,-823.05288E-03
-3.15000E-03,-802.95238E-03
-3.12500E-03,-802.95238E-03
-3.10000E-03,-802.95238E-03
-3.07500E-03,-802.95238E-03
-3.05000E-03,-782.85187E-03
-3.02500E-03,-802.95238E-03
-3.00000E-03,-802.95238E-03
-2.97500E-03,-782.85187E-03
-2.95000E-03,-782.85187E-03
-2.92500E-03,-782.85187E-03
-2.90000E-03,-782.85187E-03
-2.87500E-03,-782.85187E-03
-2.85000E-03,-782.85187E-03
-2.82500E-03,-782.85187E-03
-2.80000E-03,-762.75137E-03
-2.77500E-03,-782.85187E-03
-2.75000E-03,-782.85187E-03
-2.72500E-03,-742.65087E-03
-2.70000E-03,-782.85187E-03
-2.67500E-03,-742.65087E-03
-2.65000E-03,-742.65087E-03
-2.62500E-03,-742.65087E-03
-2.60000E-03,-742.65087E-03
-2.57500E-03,-742.65087E-03
-2.55000E-03,-742.65087E-03
-2.52500E-03,-742.65087E-03
-2.50000E-03,-742.65087E-03
-2.47500E-03,-742.65087E-03
-2.45000E-03,-742.65087E-03
-2.42500E-03,-725.06293E-03
-2.40000E-03,-702.44987E-03
-2.37500E-03,-742.65087E-03
-2.35000E-03,-742.65087E-03
-2.32500E-03,-702.44987E-03
-2.30000E-03,-702.44987E-03
-2.27500E-03,-702.44987E-03
-2.25000E-03,-725.06293E-03
-2.22500E-03,-702.44987E-03
-2.20000E-03,-702.44987E-03
-2.17500E-03,-702.44987E-03
-2.15000E-03,-702.44987E-03
-2.12500E-03,-702.44987E-03
-2.10000E-03,-684.86193E-03
-2.07500E-03,-702.44987E-03
-2.05000E-03,-702.44987E-03
-2.02500E-03,-662.24886E-03
-2.00000E-03,-662.24886E-03
-1.97500E-03,-662.24886E-03
-1.95000E-03,-662.24886E-03
-1.92500E-03,-662.24886E-03
-1.90000E-03,-662.24886E-03
-1.87500E-03,-662.24886E-03
-1.85000E-03,-662.24886E-03
-1.82500E-03,-662.24886E-03
-1.80000E-03,-662.24886E-03
-1.77500E-03,-662.24886E-03
-1.75000E-03,-662.24886E-03
-1.72500E-03,-642.14836E-03
-1.70000E-03,-644.66092E-03
-1.67500E-03,-644.66092E-03
-1.65000E-03,-662.24886E-03
-1.62500E-03,-642.14836E-03
-1.60000E-03,-622.04786E-03
-1.57500E-03,-622.04786E-03
-1.55000E-03,-622.04786E-03
-1.52500E-03,-622.04786E-03
-1.50000E-03,-622.04786E-03
-1.47500E-03,-622.04786E-03
-1.45000E-03,-622.04786E-03
-1.42500E-03,-604.45992E-03
-1.40000E-03,-622.04786E-03
-1.37500E-03,-622.04786E-03
-1.35000E-03,-601.94735E-03
-1.32500E-03,-604.45992E-03
-1.30000E-03,-581.84685E-03
-1.27500E-03,-601.94735E-03
-1.25000E-03,-581.84685E-03
-1.22500E-03,-581.84685E-03
-1.20000E-03,-581.84685E-03
-1.17500E-03,-581.84685E-03
-1.15000E-03,-581.84685E-03
-1.12500E-03,-581.84685E-03
-1.10000E-03,-581.84685E-03
-1.07500E-03,-581.84685E-03
-1.05000E-03,-581.84685E-03
-1.02500E-03,-581.84685E-03
-1.00000E-03,-581.84685E-03
-975.00E-06,-541.64585E-03
-950.00E-06,-564.25891E-03
-925.00E-06,-564.25891E-03
-900.00E-06,-541.64585E-03
-875.00E-06,-541.64585E-03
-850.00E-06,-541.64585E-03
-825.00E-06,-541.64585E-03
-800.00E-06,-541.64585E-03
-775.00E-06,-521.54534E-03
-750.00E-06,-541.64585E-03
-725.00E-06,-521.54534E-03
-700.00E-06,-521.54534E-03
-675.00E-06,-541.64585E-03
-650.00E-06,-501.44484E-03
-625.00E-06,-501.44484E-03
-600.00E-06,-501.44484E-03
-575.00E-06,-501.44484E-03
-550.00E-06,-501.44484E-03
-525.00E-06,-501.44484E-03
-500.00E-06,-501.44484E-03
-475.00E-06,-501.44484E-03
-450.00E-06,-501.44484E-03
-425.00E-06,-501.44484E-03
-400.00E-06,-501.44484E-03
-375.00E-06,-501.44484E-03
-350.00E-06,-483.85690E-03
-325.00E-06,-481.34434E-03
-300.00E-06,-483.85690E-03
-275.00E-06,-481.34434E-03
-250.00E-06,-461.24384E-03
-225.00E-06,-461.24384E-03
-200.00E-06,-461.24384E-03
-175.00E-06,-461.24384E-03
-150.00E-06,-461.24384E-03
-125.00E-06,-461.24384E-03
-100.00E-06,-461.24384E-03
-75.00E-06,-461.24384E-03
-50.00E-06,-461.24384E-03
-25.00E-06,-461.24384E-03
-0.0E+00,-461.24384E-03
+25.00E-06,-441.14334E-03
+50.00E-06,-441.14334E-03
+75.00E-06,-441.14334E-03
+100.00E-06,-461.24384E-03
+125.00E-06,-461.24384E-03
+150.00E-06,-461.24384E-03
+175.00E-06,-461.24384E-03
+200.00E-06,-461.24384E-03
+225.00E-06,-461.24384E-03
+250.00E-06,-461.24384E-03
+275.00E-06,-461.24384E-03
+300.00E-06,-501.44484E-03
+325.00E-06,-461.24384E-03
+350.00E-06,-483.85690E-03
+375.00E-06,-483.85690E-03
+400.00E-06,-501.44484E-03
+425.00E-06,-481.34434E-03
+450.00E-06,-461.24384E-03
+475.00E-06,-501.44484E-03
+500.00E-06,-501.44484E-03
+525.00E-06,-501.44484E-03
+550.00E-06,-501.44484E-03
+575.00E-06,-501.44484E-03
+600.00E-06,-521.54534E-03
+625.00E-06,-524.05791E-03
+650.00E-06,-501.44484E-03
+675.00E-06,-541.64585E-03
+700.00E-06,-541.64585E-03
+725.00E-06,-541.64585E-03
+750.00E-06,-541.64585E-03
+775.00E-06,-541.64585E-03
+800.00E-06,-541.64585E-03
+825.00E-06,-541.64585E-03
+850.00E-06,-541.64585E-03
+875.00E-06,-541.64585E-03
+900.00E-06,-541.64585E-03
+925.00E-06,-561.74635E-03
+950.00E-06,-541.64585E-03
+975.00E-06,-541.64585E-03
+1.00000E-03,-581.84685E-03
+1.02500E-03,-581.84685E-03
+1.05000E-03,-581.84685E-03
+1.07500E-03,-581.84685E-03
+1.10000E-03,-581.84685E-03
+1.12500E-03,-561.74635E-03
+1.15000E-03,-581.84685E-03
+1.17500E-03,-581.84685E-03
+1.20000E-03,-581.84685E-03
+1.22500E-03,-581.84685E-03
+1.25000E-03,-581.84685E-03
+1.27500E-03,-581.84685E-03
+1.30000E-03,-581.84685E-03
+1.32500E-03,-604.45992E-03
+1.35000E-03,-604.45992E-03
+1.37500E-03,-604.45992E-03
+1.40000E-03,-622.04786E-03
+1.42500E-03,-622.04786E-03
+1.45000E-03,-622.04786E-03
+1.47500E-03,-622.04786E-03
+1.50000E-03,-601.94735E-03
+1.52500E-03,-622.04786E-03
+1.55000E-03,-622.04786E-03
+1.57500E-03,-622.04786E-03
+1.60000E-03,-622.04786E-03
+1.62500E-03,-622.04786E-03
+1.65000E-03,-642.14836E-03
+1.67500E-03,-644.66092E-03
+1.70000E-03,-662.24886E-03
+1.72500E-03,-662.24886E-03
+1.75000E-03,-642.14836E-03
+1.77500E-03,-662.24886E-03
+1.80000E-03,-662.24886E-03
+1.82500E-03,-662.24886E-03
+1.85000E-03,-662.24886E-03
+1.87500E-03,-662.24886E-03
+1.90000E-03,-662.24886E-03
+1.92500E-03,-662.24886E-03
+1.95000E-03,-662.24886E-03
+1.97500E-03,-662.24886E-03
+2.00000E-03,-682.34936E-03
+2.02500E-03,-682.34936E-03
+2.05000E-03,-682.34936E-03
+2.07500E-03,-682.34936E-03
+2.10000E-03,-684.86193E-03
+2.12500E-03,-702.44987E-03
+2.15000E-03,-702.44987E-03
+2.17500E-03,-702.44987E-03
+2.20000E-03,-702.44987E-03
+2.22500E-03,-702.44987E-03
+2.25000E-03,-702.44987E-03
+2.27500E-03,-722.55037E-03
+2.30000E-03,-722.55037E-03
+2.32500E-03,-725.06293E-03
+2.35000E-03,-722.55037E-03
+2.37500E-03,-702.44987E-03
+2.40000E-03,-742.65087E-03
+2.42500E-03,-725.06293E-03
+2.45000E-03,-742.65087E-03
+2.47500E-03,-742.65087E-03
+2.50000E-03,-742.65087E-03
+2.52500E-03,-742.65087E-03
+2.55000E-03,-742.65087E-03
+2.57500E-03,-742.65087E-03
+2.60000E-03,-742.65087E-03
+2.62500E-03,-742.65087E-03
+2.65000E-03,-765.26394E-03
+2.67500E-03,-742.65087E-03
+2.70000E-03,-762.75137E-03
+2.72500E-03,-765.26394E-03
+2.75000E-03,-782.85187E-03
+2.77500E-03,-762.75137E-03
+2.80000E-03,-782.85187E-03
+2.82500E-03,-782.85187E-03
+2.85000E-03,-782.85187E-03
+2.87500E-03,-782.85187E-03
+2.90000E-03,-782.85187E-03
+2.92500E-03,-782.85187E-03
+2.95000E-03,-782.85187E-03
+2.97500E-03,-782.85187E-03
+3.00000E-03,-782.85187E-03
+3.02500E-03,-802.95238E-03
+3.05000E-03,-823.05288E-03
+3.07500E-03,-802.95238E-03
+3.10000E-03,-805.46494E-03
+3.12500E-03,-823.05288E-03
+3.15000E-03,-823.05288E-03
+3.17500E-03,-823.05288E-03
+3.20000E-03,-823.05288E-03
+3.22500E-03,-823.05288E-03
+3.25000E-03,-823.05288E-03
+3.27500E-03,-823.05288E-03
+3.30000E-03,-823.05288E-03
+3.32500E-03,-823.05288E-03
+3.35000E-03,-845.66594E-03
+3.37500E-03,-843.15338E-03
+3.40000E-03,-863.25388E-03
+3.42500E-03,-843.15338E-03
+3.45000E-03,-845.66594E-03
+3.47500E-03,-863.25388E-03
+3.50000E-03,-863.25388E-03
+3.52500E-03,-863.25388E-03
+3.55000E-03,-863.25388E-03
+3.57500E-03,-863.25388E-03
+3.60000E-03,-863.25388E-03
+3.62500E-03,-863.25388E-03
+3.65000E-03,-863.25388E-03
+3.67500E-03,-863.25388E-03
+3.70000E-03,-863.25388E-03
+3.72500E-03,-863.25388E-03
+3.75000E-03,-863.25388E-03
+3.77500E-03,-863.25388E-03
+3.80000E-03,-883.35439E-03
+3.82500E-03,-903.45489E-03
+3.85000E-03,-903.45489E-03
+3.87500E-03,-903.45489E-03
+3.90000E-03,-903.45489E-03
+3.92500E-03,-903.45489E-03
+3.95000E-03,-903.45489E-03
+3.97500E-03,-903.45489E-03
+4.00000E-03,-903.45489E-03
+4.02500E-03,-903.45489E-03
+4.05000E-03,-903.45489E-03
+4.07500E-03,-903.45489E-03
+4.10000E-03,-903.45489E-03
+4.12500E-03,-903.45489E-03
+4.15000E-03,-943.65589E-03
+4.17500E-03,-943.65589E-03
+4.20000E-03,-943.65589E-03
+4.22500E-03,-943.65589E-03
+4.25000E-03,-943.65589E-03
+4.27500E-03,-943.65589E-03
+4.30000E-03,-943.65589E-03
+4.32500E-03,-943.65589E-03
+4.35000E-03,-943.65589E-03
+4.37500E-03,-943.65589E-03
+4.40000E-03,-943.65589E-03
+4.42500E-03,-943.65589E-03
+4.45000E-03,-983.85690E-03
+4.47500E-03,-963.75640E-03
+4.50000E-03,-983.85690E-03
+4.52500E-03,-983.85690E-03
+4.55000E-03,-983.85690E-03
+4.57500E-03,-983.85690E-03
+4.60000E-03,-983.85690E-03
+4.62500E-03,-983.85690E-03
+4.65000E-03,-983.85690E-03
+4.67500E-03,-1.00395740E+00
+4.70000E-03,-983.85690E-03
+4.72500E-03,-983.85690E-03
+4.75000E-03,-983.85690E-03
+4.77500E-03,-983.85690E-03
+4.80000E-03,-983.85690E-03
+4.82500E-03,-983.85690E-03
+4.85000E-03,-1.02405790E+00
+4.87500E-03,-1.00395740E+00
+4.90000E-03,-1.02405790E+00
+4.92500E-03,-1.02405790E+00
+4.95000E-03,-1.00395740E+00
+4.97500E-03,-1.02405790E+00
+5.00000E-03,-1.02405790E+00
+5.02500E-03,-1.02405790E+00
+5.05000E-03,-1.02405790E+00
+5.07500E-03,-1.02405790E+00
+5.10000E-03,-1.02405790E+00
+5.12500E-03,-1.04667097E+00
+5.15000E-03,-1.02405790E+00
+5.17500E-03,-1.02405790E+00
+5.20000E-03,-1.04667097E+00
+5.22500E-03,-1.04667097E+00
+5.25000E-03,-1.04667097E+00
+5.27500E-03,-1.06425891E+00
+5.30000E-03,-1.04415840E+00
+5.32500E-03,-1.06425891E+00
+5.35000E-03,-1.06425891E+00
+5.37500E-03,-1.06425891E+00
+5.40000E-03,-1.06425891E+00
+5.42500E-03,-1.06425891E+00
+5.45000E-03,-1.08687197E+00
+5.47500E-03,-1.06425891E+00
+5.50000E-03,-1.06425891E+00
+5.52500E-03,-1.06425891E+00
+5.55000E-03,-1.08687197E+00
+5.57500E-03,-1.10445991E+00
+5.60000E-03,-1.10445991E+00
+5.62500E-03,-1.10445991E+00
+5.65000E-03,-1.10445991E+00
+5.67500E-03,-1.08435941E+00
+5.70000E-03,-1.10445991E+00
+5.72500E-03,-1.10445991E+00
+5.75000E-03,-1.10445991E+00
+5.77500E-03,-1.10445991E+00
+5.80000E-03,-1.10445991E+00
+5.82500E-03,-1.10445991E+00
+5.85000E-03,-1.10445991E+00
+5.87500E-03,-1.10445991E+00
+5.90000E-03,-1.12456041E+00
+5.92500E-03,-1.12456041E+00
+5.95000E-03,-1.14466092E+00
+5.97500E-03,-1.12707298E+00
+6.00000E-03,-1.14466092E+00
+6.02500E-03,-1.12707298E+00
+6.05000E-03,-1.14466092E+00
+6.07500E-03,-1.14466092E+00
+6.10000E-03,-1.14466092E+00
+6.12500E-03,-1.14466092E+00
+6.15000E-03,-1.14466092E+00
+6.17500E-03,-1.14466092E+00
+6.20000E-03,-1.14466092E+00
+6.22500E-03,-1.14466092E+00
+6.25000E-03,-1.16727398E+00
+6.27500E-03,-1.16727398E+00
+6.30000E-03,-1.18486192E+00
+6.32500E-03,-1.16727398E+00
+6.35000E-03,-1.18486192E+00
+6.37500E-03,-1.18486192E+00
+6.40000E-03,-1.18486192E+00
+6.42500E-03,-1.18486192E+00
+6.45000E-03,-1.18486192E+00
+6.47500E-03,-1.18486192E+00
+6.50000E-03,-1.18486192E+00
+6.52500E-03,-1.20496242E+00
+6.55000E-03,-1.18486192E+00
+6.57500E-03,-1.18486192E+00
+6.60000E-03,-1.18486192E+00
+6.62500E-03,-1.18486192E+00
+6.65000E-03,-1.18486192E+00
+6.67500E-03,-1.20747499E+00
+6.70000E-03,-1.20747499E+00
+6.72500E-03,-1.20496242E+00
+6.75000E-03,-1.20496242E+00
+6.77500E-03,-1.22506293E+00
+6.80000E-03,-1.22506293E+00
+6.82500E-03,-1.22506293E+00
+6.85000E-03,-1.22506293E+00
+6.87500E-03,-1.22506293E+00
+6.90000E-03,-1.22506293E+00
+6.92500E-03,-1.22506293E+00
+6.95000E-03,-1.22506293E+00
+6.97500E-03,-1.22506293E+00
+7.00000E-03,-1.24516343E+00
+7.02500E-03,-1.24516343E+00
+7.05000E-03,-1.24516343E+00
+7.07500E-03,-1.26526393E+00
+7.10000E-03,-1.26526393E+00
+7.12500E-03,-1.26526393E+00
+7.15000E-03,-1.26526393E+00
+7.17500E-03,-1.24516343E+00
+7.20000E-03,-1.26526393E+00
+7.22500E-03,-1.26526393E+00
+7.25000E-03,-1.26526393E+00
+7.27500E-03,-1.26526393E+00
+7.30000E-03,-1.26526393E+00
+7.32500E-03,-1.28536443E+00
+7.35000E-03,-1.26526393E+00
+7.37500E-03,-1.26526393E+00
+7.40000E-03,-1.26526393E+00
+7.42500E-03,-1.30546493E+00
+7.45000E-03,-1.28787700E+00
+7.47500E-03,-1.28787700E+00
+7.50000E-03,-1.30546493E+00
+7.52500E-03,-1.28536443E+00
+7.55000E-03,-1.30546493E+00
+7.57500E-03,-1.30546493E+00
+7.60000E-03,-1.30546493E+00
+7.62500E-03,-1.30546493E+00
+7.65000E-03,-1.30546493E+00
+7.67500E-03,-1.32556544E+00
+7.70000E-03,-1.30546493E+00
+7.72500E-03,-1.30546493E+00
+7.75000E-03,-1.32807800E+00
+7.77500E-03,-1.30546493E+00
+7.80000E-03,-1.30546493E+00
+7.82500E-03,-1.34566594E+00
+7.85000E-03,-1.34566594E+00
+7.87500E-03,-1.34566594E+00
+7.90000E-03,-1.34566594E+00
+7.92500E-03,-1.32556544E+00
+7.95000E-03,-1.34566594E+00
+7.97500E-03,-1.34566594E+00
+8.00000E-03,-1.34566594E+00
+8.02500E-03,-1.34566594E+00
+8.05000E-03,-1.34566594E+00
+8.07500E-03,-1.34566594E+00
+8.10000E-03,-1.34566594E+00
+8.12500E-03,-1.34566594E+00
+8.15000E-03,-1.34566594E+00
+8.17500E-03,-1.34566594E+00
+8.20000E-03,-1.34566594E+00
+8.22500E-03,-1.34566594E+00
+8.25000E-03,-1.34566594E+00
+8.27500E-03,-1.34566594E+00
+8.30000E-03,-1.36576644E+00
+8.32500E-03,-1.34566594E+00
+8.35000E-03,-1.34566594E+00
+8.37500E-03,-1.38586694E+00
+8.40000E-03,-1.34566594E+00
+8.42500E-03,-1.36576644E+00
+8.45000E-03,-1.34566594E+00
+8.47500E-03,-1.36576644E+00
+8.50000E-03,-1.36827900E+00
+8.52500E-03,-1.38586694E+00
+8.55000E-03,-1.36576644E+00
+8.57500E-03,-1.38586694E+00
+8.60000E-03,-1.34566594E+00
+8.62500E-03,-1.38586694E+00
+8.65000E-03,-1.34566594E+00
+8.67500E-03,-1.38586694E+00
+8.70000E-03,-1.34566594E+00
+8.72500E-03,-1.36576644E+00
+8.75000E-03,-1.38586694E+00
+8.77500E-03,-1.36576644E+00
+8.80000E-03,-1.36827900E+00
+8.82500E-03,-1.36576644E+00
+8.85000E-03,-1.38586694E+00
+8.87500E-03,-1.36827900E+00
+8.90000E-03,-1.36576644E+00
+8.92500E-03,-1.36576644E+00
+8.95000E-03,-1.36576644E+00
+8.97500E-03,-1.34566594E+00
+9.00000E-03,-1.34566594E+00
+9.02500E-03,-1.36576644E+00
+9.05000E-03,-1.34566594E+00
+9.07500E-03,-1.34566594E+00
+9.10000E-03,-1.34566594E+00
+9.12500E-03,-1.34566594E+00
+9.15000E-03,-1.34566594E+00
+9.17500E-03,-1.34566594E+00
+9.20000E-03,-1.34566594E+00
+9.22500E-03,-1.32556544E+00
+9.25000E-03,-1.32807800E+00
+9.27500E-03,-1.34566594E+00
+9.30000E-03,-1.34566594E+00
+9.32500E-03,-1.32807800E+00
+9.35000E-03,-1.30546493E+00
+9.37500E-03,-1.32807800E+00
+9.40000E-03,-1.30546493E+00
+9.42500E-03,-1.34566594E+00
+9.45000E-03,-1.32807800E+00
+9.47500E-03,-1.30546493E+00
+9.50000E-03,-1.32807800E+00
+9.52500E-03,-1.30546493E+00
+9.55000E-03,-1.32556544E+00
+9.57500E-03,-1.34566594E+00
+9.60000E-03,-1.34566594E+00
+9.62500E-03,-1.32556544E+00
+9.65000E-03,-1.34566594E+00
+9.67500E-03,-1.34566594E+00
+9.70000E-03,-1.38586694E+00
+9.72500E-03,-1.36576644E+00
+9.75000E-03,-1.38586694E+00
+9.77500E-03,-1.36827900E+00
+9.80000E-03,-1.34566594E+00
+9.82500E-03,-1.34566594E+00
+9.85000E-03,-1.34566594E+00
+9.87500E-03,-1.38586694E+00
+9.90000E-03,-1.38586694E+00
+9.92500E-03,-1.38586694E+00
+9.95000E-03,-1.40596745E+00
+9.97500E-03,-1.40848001E+00
+10.00000E-03,-1.40848001E+00
+10.02500E-03,-1.38586694E+00
+10.05000E-03,-1.38586694E+00
+10.07500E-03,-1.38586694E+00
+10.10000E-03,-1.38586694E+00
+10.12500E-03,-1.38586694E+00
+10.15000E-03,-1.38586694E+00
+10.17500E-03,-1.38586694E+00
+10.20000E-03,-1.36576644E+00
+10.22500E-03,-1.34566594E+00
+10.25000E-03,-1.32807800E+00
+10.27500E-03,-1.30546493E+00
+10.30000E-03,-1.26526393E+00
+10.32500E-03,-1.26526393E+00
+10.35000E-03,-1.30546493E+00
+10.37500E-03,-1.34566594E+00
+10.40000E-03,-1.38586694E+00
+10.42500E-03,-1.38586694E+00
+10.45000E-03,-1.38586694E+00
+10.47500E-03,-1.40596745E+00
+10.50000E-03,-1.40848001E+00
+10.52500E-03,-1.42606795E+00
+10.55000E-03,-1.42606795E+00
+10.57500E-03,-1.42606795E+00
+10.60000E-03,-1.40596745E+00
+10.62500E-03,-1.42606795E+00
+10.65000E-03,-1.42606795E+00
+10.67500E-03,-1.44616845E+00
+10.70000E-03,-1.44868101E+00
+10.72500E-03,-1.46626895E+00
+10.75000E-03,-1.48888202E+00
+10.77500E-03,-1.46626895E+00
+10.80000E-03,-1.48888202E+00
+10.82500E-03,-1.48888202E+00
+10.85000E-03,-1.50646996E+00
+10.87500E-03,-1.50646996E+00
+10.90000E-03,-1.50646996E+00
+10.92500E-03,-1.52657046E+00
+10.95000E-03,-1.54667096E+00
+10.97500E-03,-1.54667096E+00
+11.00000E-03,-1.54667096E+00
+11.02500E-03,-1.54667096E+00
+11.05000E-03,-1.56677146E+00
+11.07500E-03,-1.58687197E+00
+11.10000E-03,-1.54667096E+00
+11.12500E-03,-1.58687197E+00
+11.15000E-03,-1.58687197E+00
+11.17500E-03,-1.60697247E+00
+11.20000E-03,-1.60948503E+00
+11.22500E-03,-1.60948503E+00
+11.25000E-03,-1.62707297E+00
+11.27500E-03,-1.60697247E+00
+11.30000E-03,-1.62707297E+00
+11.32500E-03,-1.62707297E+00
+11.35000E-03,-1.62707297E+00
+11.37500E-03,-1.62707297E+00
+11.40000E-03,-1.66727398E+00
+11.42500E-03,-1.66727398E+00
+11.45000E-03,-1.66727398E+00
+11.47500E-03,-1.68737448E+00
+11.50000E-03,-1.66727398E+00
+11.52500E-03,-1.70747498E+00
+11.55000E-03,-1.70747498E+00
+11.57500E-03,-1.70747498E+00
+11.60000E-03,-1.70747498E+00
+11.62500E-03,-1.70747498E+00
+11.65000E-03,-1.70747498E+00
+11.67500E-03,-1.70747498E+00
+11.70000E-03,-1.74767599E+00
+11.72500E-03,-1.74767599E+00
+11.75000E-03,-1.74767599E+00
+11.77500E-03,-1.74767599E+00
+11.80000E-03,-1.76777649E+00
+11.82500E-03,-1.74767599E+00
+11.85000E-03,-1.77028905E+00
+11.87500E-03,-1.74767599E+00
+11.90000E-03,-1.76777649E+00
+11.92500E-03,-1.77028905E+00
+11.95000E-03,-1.78787699E+00
+11.97500E-03,-1.77028905E+00
+12.00000E-03,-1.78787699E+00
+12.02500E-03,-1.78787699E+00
+12.05000E-03,-1.78787699E+00
+12.07500E-03,-1.78787699E+00
+12.10000E-03,-1.78787699E+00
+12.12500E-03,-1.78787699E+00
+12.15000E-03,-1.78787699E+00
+12.17500E-03,-1.81049005E+00
+12.20000E-03,-1.80797749E+00
+12.22500E-03,-1.82807799E+00
+12.25000E-03,-1.82807799E+00
+12.27500E-03,-1.82807799E+00
+12.30000E-03,-1.82807799E+00
+12.32500E-03,-1.82807799E+00
+12.35000E-03,-1.82807799E+00
+12.37500E-03,-1.82807799E+00
+12.40000E-03,-1.82807799E+00
+12.42500E-03,-1.85069106E+00
+12.45000E-03,-1.84817850E+00
+12.47500E-03,-1.84817850E+00
+12.50000E-03,-1.86827900E+00
+12.52500E-03,-1.86827900E+00
+12.55000E-03,-1.85069106E+00
+12.57500E-03,-1.86827900E+00
+12.60000E-03,-1.86827900E+00
+12.62500E-03,-1.86827900E+00
+12.65000E-03,-1.86827900E+00
+12.67500E-03,-1.86827900E+00
+12.70000E-03,-1.86827900E+00
+12.72500E-03,-1.86827900E+00
+12.75000E-03,-1.86827900E+00
+12.77500E-03,-1.89089206E+00
+12.80000E-03,-1.89089206E+00
+12.82500E-03,-1.89089206E+00
+12.85000E-03,-1.89089206E+00
+12.87500E-03,-1.88837950E+00
+12.90000E-03,-1.90848000E+00
+12.92500E-03,-1.90848000E+00
+12.95000E-03,-1.90848000E+00
+12.97500E-03,-1.89089206E+00
+13.00000E-03,-1.90848000E+00
+13.02500E-03,-1.90848000E+00
+13.05000E-03,-1.90848000E+00
+13.07500E-03,-1.90848000E+00
+13.10000E-03,-1.90848000E+00
+13.12500E-03,-1.90848000E+00
+13.15000E-03,-1.90848000E+00
+13.17500E-03,-1.92858051E+00
+13.20000E-03,-1.90848000E+00
+13.22500E-03,-1.94868101E+00
+13.25000E-03,-1.94868101E+00
+13.27500E-03,-1.94868101E+00
+13.30000E-03,-1.94868101E+00
+13.32500E-03,-1.94868101E+00
+13.35000E-03,-1.94868101E+00
+13.37500E-03,-1.94868101E+00
+13.40000E-03,-1.94868101E+00
+13.42500E-03,-1.94868101E+00
+13.45000E-03,-1.94868101E+00
+13.47500E-03,-1.96878151E+00
+13.50000E-03,-1.96878151E+00
+13.52500E-03,-1.94868101E+00
+13.55000E-03,-1.98888201E+00
+13.57500E-03,-1.98888201E+00
+13.60000E-03,-1.96878151E+00
+13.62500E-03,-1.96878151E+00
+13.65000E-03,-1.96878151E+00
+13.67500E-03,-1.97129407E+00
+13.70000E-03,-1.98888201E+00
+13.72500E-03,-1.98888201E+00
+13.75000E-03,-1.98888201E+00
+13.77500E-03,-1.98888201E+00
+13.80000E-03,-1.98888201E+00
+13.82500E-03,-1.98888201E+00
+13.85000E-03,-2.01149508E+00
+13.87500E-03,-2.00898251E+00
+13.90000E-03,-1.98888201E+00
+13.92500E-03,-1.98888201E+00
+13.95000E-03,-2.02908302E+00
+13.97500E-03,-2.02908302E+00
+14.00000E-03,-2.02908302E+00
+14.02500E-03,-2.01149508E+00
+14.05000E-03,-2.02908302E+00
+14.07500E-03,-2.02908302E+00
+14.10000E-03,-2.02908302E+00
+14.12500E-03,-2.02908302E+00
+14.15000E-03,-2.02908302E+00
+14.17500E-03,-2.02908302E+00
+14.20000E-03,-2.02908302E+00
+14.22500E-03,-2.02908302E+00
+14.25000E-03,-2.02908302E+00
+14.27500E-03,-2.04918352E+00
+14.30000E-03,-2.05169608E+00
+14.32500E-03,-2.04918352E+00
+14.35000E-03,-2.02908302E+00
+14.37500E-03,-2.06928402E+00
+14.40000E-03,-2.06928402E+00
+14.42500E-03,-2.06928402E+00
+14.45000E-03,-2.06928402E+00
+14.47500E-03,-2.06928402E+00
+14.50000E-03,-2.06928402E+00
+14.52500E-03,-2.06928402E+00
+14.55000E-03,-2.06928402E+00
+14.57500E-03,-2.06928402E+00
+14.60000E-03,-2.06928402E+00
+14.62500E-03,-2.08938452E+00
+14.65000E-03,-2.09189709E+00
+14.67500E-03,-2.09189709E+00
+14.70000E-03,-2.09189709E+00
+14.72500E-03,-2.10948503E+00
+14.75000E-03,-2.10948503E+00
+14.77500E-03,-2.10948503E+00
+14.80000E-03,-2.10948503E+00
+14.82500E-03,-2.10948503E+00
+14.85000E-03,-2.10948503E+00
+14.87500E-03,-2.10948503E+00
+14.90000E-03,-2.10948503E+00
+14.92500E-03,-2.10948503E+00
+14.95000E-03,-2.10948503E+00
+14.97500E-03,-2.10948503E+00
+15.00000E-03,-2.10948503E+00
+15.02500E-03,-2.10948503E+00
+15.05000E-03,-2.13209809E+00
+15.07500E-03,-2.10948503E+00
+15.10000E-03,-2.13209809E+00
+15.12500E-03,-2.10948503E+00
+15.15000E-03,-2.10948503E+00
+15.17500E-03,-2.14968603E+00
+15.20000E-03,-2.13209809E+00
+15.22500E-03,-2.14968603E+00
+15.25000E-03,-2.12958553E+00
+15.27500E-03,-2.14968603E+00
+15.30000E-03,-2.14968603E+00
+15.32500E-03,-2.14968603E+00
+15.35000E-03,-2.14968603E+00
+15.37500E-03,-2.14968603E+00
+15.40000E-03,-2.14968603E+00
+15.42500E-03,-2.14968603E+00
+15.45000E-03,-2.14968603E+00
+15.47500E-03,-2.14968603E+00
+15.50000E-03,-2.16978653E+00
+15.52500E-03,-2.14968603E+00
+15.55000E-03,-2.14968603E+00
+15.57500E-03,-2.14968603E+00
+15.60000E-03,-2.14968603E+00
+15.62500E-03,-2.14968603E+00
+15.65000E-03,-2.14968603E+00
+15.67500E-03,-2.14968603E+00
+15.70000E-03,-2.14968603E+00
+15.72500E-03,-2.14968603E+00
+15.75000E-03,-2.13209809E+00
+15.77500E-03,-2.14968603E+00
+15.80000E-03,-2.14968603E+00
+15.82500E-03,-2.14968603E+00
+15.85000E-03,-2.14968603E+00
+15.87500E-03,-2.14968603E+00
+15.90000E-03,-2.10948503E+00
+15.92500E-03,-2.12958553E+00
+15.95000E-03,-2.10948503E+00
+15.97500E-03,-2.10948503E+00
+16.00000E-03,-2.10948503E+00
+16.02500E-03,-2.10948503E+00
+16.05000E-03,-2.08938452E+00
+16.07500E-03,-2.08938452E+00
+16.10000E-03,-2.06928402E+00
+16.12500E-03,-2.06928402E+00
+16.15000E-03,-2.06928402E+00
+16.17500E-03,-2.06928402E+00
+16.20000E-03,-2.02908302E+00
+16.22500E-03,-2.02908302E+00
+16.25000E-03,-2.02908302E+00
+16.27500E-03,-2.02908302E+00
+16.30000E-03,-1.98888201E+00
+16.32500E-03,-1.98888201E+00
+16.35000E-03,-1.98888201E+00
+16.37500E-03,-1.94868101E+00
+16.40000E-03,-1.94868101E+00
+16.42500E-03,-1.94868101E+00
+16.45000E-03,-1.93109307E+00
+16.47500E-03,-1.90848000E+00
+16.50000E-03,-1.90848000E+00
+16.52500E-03,-1.89089206E+00
+16.55000E-03,-1.86827900E+00
+16.57500E-03,-1.86827900E+00
+16.60000E-03,-1.82807799E+00
+16.62500E-03,-1.81049005E+00
+16.65000E-03,-1.80797749E+00
+16.67500E-03,-1.78787699E+00
+16.70000E-03,-1.78787699E+00
+16.72500E-03,-1.74767599E+00
+16.75000E-03,-1.72757548E+00
+16.77500E-03,-1.72757548E+00
+16.80000E-03,-1.70747498E+00
+16.82500E-03,-1.68737448E+00
+16.85000E-03,-1.70747498E+00
+16.87500E-03,-1.66727398E+00
+16.90000E-03,-1.66727398E+00
+16.92500E-03,-1.62707297E+00
+16.95000E-03,-1.62707297E+00
+16.97500E-03,-1.62707297E+00
+17.00000E-03,-1.58687197E+00
+17.02500E-03,-1.58687197E+00
+17.05000E-03,-1.58687197E+00
+17.07500E-03,-1.58687197E+00
+17.10000E-03,-1.54667096E+00
+17.12500E-03,-1.54667096E+00
+17.15000E-03,-1.56928403E+00
+17.17500E-03,-1.54667096E+00
+17.20000E-03,-1.54667096E+00
+17.22500E-03,-1.56677146E+00
+17.25000E-03,-1.58687197E+00
+17.27500E-03,-1.58687197E+00
+17.30000E-03,-1.62707297E+00
+17.32500E-03,-1.66727398E+00
+17.35000E-03,-1.72757548E+00
+17.37500E-03,-1.78787699E+00
+17.40000E-03,-1.81049005E+00
+17.42500E-03,-1.82807799E+00
+17.45000E-03,-1.90848000E+00
+17.47500E-03,-1.98888201E+00
+17.50000E-03,-1.98888201E+00
+17.52500E-03,-1.98888201E+00
+17.55000E-03,-1.94868101E+00
+17.57500E-03,-1.86827900E+00
+17.60000E-03,-1.78787699E+00
+17.62500E-03,-1.78787699E+00
+17.65000E-03,-1.74767599E+00
+17.67500E-03,-1.72757548E+00
+17.70000E-03,-1.66727398E+00
+17.72500E-03,-1.62707297E+00
+17.75000E-03,-1.62707297E+00
+17.77500E-03,-1.58687197E+00
+17.80000E-03,-1.58687197E+00
+17.82500E-03,-1.58687197E+00
+17.85000E-03,-1.58687197E+00
+17.87500E-03,-1.58687197E+00
+17.90000E-03,-1.58687197E+00
+17.92500E-03,-1.58687197E+00
+17.95000E-03,-1.62707297E+00
+17.97500E-03,-1.62707297E+00
+18.00000E-03,-1.62707297E+00
+18.02500E-03,-1.64968604E+00
+18.05000E-03,-1.64968604E+00
+18.07500E-03,-1.66727398E+00
+18.10000E-03,-1.68988704E+00
+18.12500E-03,-1.70747498E+00
+18.15000E-03,-1.72757548E+00
+18.17500E-03,-1.73008805E+00
+18.20000E-03,-1.74767599E+00
+18.22500E-03,-1.77028905E+00
+18.25000E-03,-1.80797749E+00
+18.27500E-03,-1.81049005E+00
+18.30000E-03,-1.82807799E+00
+18.32500E-03,-1.86827900E+00
+18.35000E-03,-1.86827900E+00
+18.37500E-03,-1.90848000E+00
+18.40000E-03,-1.94868101E+00
+18.42500E-03,-1.94868101E+00
+18.45000E-03,-1.98888201E+00
+18.47500E-03,-1.98888201E+00
+18.50000E-03,-2.02908302E+00
+18.52500E-03,-2.04918352E+00
+18.55000E-03,-2.06928402E+00
+18.57500E-03,-2.10948503E+00
+18.60000E-03,-2.10948503E+00
+18.62500E-03,-2.10948503E+00
+18.65000E-03,-2.14968603E+00
+18.67500E-03,-2.17229910E+00
+18.70000E-03,-2.18988704E+00
+18.72500E-03,-2.18988704E+00
+18.75000E-03,-2.23008804E+00
+18.77500E-03,-2.27028904E+00
+18.80000E-03,-2.27028904E+00
+18.82500E-03,-2.29290211E+00
+18.85000E-03,-2.31049005E+00
+18.87500E-03,-2.31049005E+00
+18.90000E-03,-2.35069105E+00
+18.92500E-03,-2.35069105E+00
+18.95000E-03,-2.35069105E+00
+18.97500E-03,-2.39089206E+00
+19.00000E-03,-2.39089206E+00
+19.02500E-03,-2.39089206E+00
+19.05000E-03,-2.41350512E+00
+19.07500E-03,-2.43109306E+00
+19.10000E-03,-2.43109306E+00
+19.12500E-03,-2.45370613E+00
+19.15000E-03,-2.47129407E+00
+19.17500E-03,-2.47129407E+00
+19.20000E-03,-2.51149507E+00
+19.22500E-03,-2.51149507E+00
+19.25000E-03,-2.51149507E+00
+19.27500E-03,-2.53410814E+00
+19.30000E-03,-2.53159557E+00
+19.32500E-03,-2.55169608E+00
+19.35000E-03,-2.55169608E+00
+19.37500E-03,-2.55169608E+00
+19.40000E-03,-2.55169608E+00
+19.42500E-03,-2.57430914E+00
+19.45000E-03,-2.59189708E+00
+19.47500E-03,-2.59189708E+00
+19.50000E-03,-2.59189708E+00
+19.52500E-03,-2.59189708E+00
+19.55000E-03,-2.59189708E+00
+19.57500E-03,-2.59189708E+00
+19.60000E-03,-2.63209809E+00
+19.62500E-03,-2.63209809E+00
+19.65000E-03,-2.63209809E+00
+19.67500E-03,-2.63209809E+00
+19.70000E-03,-2.63209809E+00
+19.72500E-03,-2.63209809E+00
+19.75000E-03,-2.63209809E+00
+19.77500E-03,-2.63209809E+00
+19.80000E-03,-2.65219859E+00
+19.82500E-03,-2.65471115E+00
+19.85000E-03,-2.67229909E+00
+19.87500E-03,-2.65219859E+00
+19.90000E-03,-2.67229909E+00
+19.92500E-03,-2.67229909E+00
+19.95000E-03,-2.67229909E+00
+19.97500E-03,-2.67229909E+00
+20.00000E-03,-2.67229909E+00
+20.02500E-03,-2.67229909E+00
+20.05000E-03,-2.67229909E+00
+20.07500E-03,-2.67229909E+00
+20.10000E-03,-2.69239959E+00
+20.12500E-03,-2.69239959E+00
+20.15000E-03,-2.71250010E+00
+20.17500E-03,-2.71250010E+00
+20.20000E-03,-2.71250010E+00
+20.22500E-03,-2.71250010E+00
+20.25000E-03,-2.71250010E+00
+20.27500E-03,-2.71250010E+00
+20.30000E-03,-2.71250010E+00
+20.32500E-03,-2.71250010E+00
+20.35000E-03,-2.73260060E+00
+20.37500E-03,-2.73008803E+00
+20.40000E-03,-2.75270110E+00
+20.42500E-03,-2.75270110E+00
+20.45000E-03,-2.75270110E+00
+20.47500E-03,-2.75270110E+00
+20.50000E-03,-2.73260060E+00
+20.52500E-03,-2.75270110E+00
+20.55000E-03,-2.75270110E+00
+20.57500E-03,-2.75270110E+00
+20.60000E-03,-2.75270110E+00
+20.62500E-03,-2.75270110E+00
+20.65000E-03,-2.75270110E+00
+20.67500E-03,-2.75270110E+00
+20.70000E-03,-2.75270110E+00
+20.72500E-03,-2.75270110E+00
+20.75000E-03,-2.79290210E+00
+20.77500E-03,-2.77280160E+00
+20.80000E-03,-2.77028904E+00
+20.82500E-03,-2.77028904E+00
+20.85000E-03,-2.79290210E+00
+20.87500E-03,-2.79290210E+00
+20.90000E-03,-2.79290210E+00
+20.92500E-03,-2.79290210E+00
+20.95000E-03,-2.79290210E+00
+20.97500E-03,-2.79290210E+00
+21.00000E-03,-2.79290210E+00
+21.02500E-03,-2.79290210E+00
+21.05000E-03,-2.79290210E+00
+21.07500E-03,-2.79290210E+00
+21.10000E-03,-2.81049004E+00
+21.12500E-03,-2.79290210E+00
+21.15000E-03,-2.81049004E+00
+21.17500E-03,-2.83310311E+00
+21.20000E-03,-2.81300261E+00
+21.22500E-03,-2.83310311E+00
+21.25000E-03,-2.83310311E+00
+21.27500E-03,-2.83310311E+00
+21.30000E-03,-2.83310311E+00
+21.32500E-03,-2.83310311E+00
+21.35000E-03,-2.83310311E+00
+21.37500E-03,-2.83310311E+00
+21.40000E-03,-2.85320361E+00
+21.42500E-03,-2.85320361E+00
+21.45000E-03,-2.83310311E+00
+21.47500E-03,-2.85069105E+00
+21.50000E-03,-2.85069105E+00
+21.52500E-03,-2.85069105E+00
+21.55000E-03,-2.85069105E+00
+21.57500E-03,-2.87330411E+00
+21.60000E-03,-2.87330411E+00
+21.62500E-03,-2.87330411E+00
+21.65000E-03,-2.87330411E+00
+21.67500E-03,-2.87330411E+00
+21.70000E-03,-2.87330411E+00
+21.72500E-03,-2.87330411E+00
+21.75000E-03,-2.87330411E+00
+21.77500E-03,-2.87330411E+00
+21.80000E-03,-2.89340462E+00
+21.82500E-03,-2.91350512E+00
+21.85000E-03,-2.89089205E+00
+21.87500E-03,-2.91350512E+00
+21.90000E-03,-2.91350512E+00
+21.92500E-03,-2.91350512E+00
+21.95000E-03,-2.89340462E+00
+21.97500E-03,-2.91350512E+00
+22.00000E-03,-2.91350512E+00
+22.02500E-03,-2.91350512E+00
+22.05000E-03,-2.91350512E+00
+22.07500E-03,-2.91350512E+00
+22.10000E-03,-2.91350512E+00
+22.12500E-03,-2.91350512E+00
+22.15000E-03,-2.91350512E+00
+22.17500E-03,-2.95370612E+00
+22.20000E-03,-2.91350512E+00
+22.22500E-03,-2.93109306E+00
+22.25000E-03,-2.91350512E+00
+22.27500E-03,-2.93360562E+00
+22.30000E-03,-2.93109306E+00
+22.32500E-03,-2.95370612E+00
+22.35000E-03,-2.95370612E+00
+22.37500E-03,-2.95370612E+00
+22.40000E-03,-2.95370612E+00
+22.42500E-03,-2.97380663E+00
+22.45000E-03,-2.97129406E+00
+22.47500E-03,-2.95370612E+00
+22.50000E-03,-2.97380663E+00
+22.52500E-03,-2.97129406E+00
+22.55000E-03,-2.95370612E+00
+22.57500E-03,-2.95370612E+00
+22.60000E-03,-2.99390713E+00
+22.62500E-03,-2.97129406E+00
+22.65000E-03,-2.99390713E+00
+22.67500E-03,-2.99390713E+00
+22.70000E-03,-2.99390713E+00
+22.72500E-03,-2.99390713E+00
+22.75000E-03,-2.99390713E+00
+22.77500E-03,-2.99390713E+00
+22.80000E-03,-2.99390713E+00
+22.82500E-03,-2.99390713E+00
+22.85000E-03,-3.01149507E+00
+22.87500E-03,-2.99390713E+00
+22.90000E-03,-2.99390713E+00
+22.92500E-03,-2.99390713E+00
+22.95000E-03,-3.01149507E+00
+22.97500E-03,-3.01400763E+00
+23.00000E-03,-3.01149507E+00
+23.02500E-03,-3.03410813E+00
+23.05000E-03,-2.99390713E+00
+23.07500E-03,-3.03410813E+00
+23.10000E-03,-3.03410813E+00
+23.12500E-03,-3.03410813E+00
+23.15000E-03,-3.03410813E+00
+23.17500E-03,-3.03410813E+00
+23.20000E-03,-3.03410813E+00
+23.22500E-03,-3.03410813E+00
+23.25000E-03,-3.03410813E+00
+23.27500E-03,-3.03410813E+00
+23.30000E-03,-3.05420863E+00
+23.32500E-03,-3.05420863E+00
+23.35000E-03,-3.03410813E+00
+23.37500E-03,-3.05169607E+00
+23.40000E-03,-3.07430914E+00
+23.42500E-03,-3.05420863E+00
+23.45000E-03,-3.07430914E+00
+23.47500E-03,-3.07430914E+00
+23.50000E-03,-3.05420863E+00
+23.52500E-03,-3.07430914E+00
+23.55000E-03,-3.07430914E+00
+23.57500E-03,-3.07430914E+00
+23.60000E-03,-3.07430914E+00
+23.62500E-03,-3.07430914E+00
+23.65000E-03,-3.05420863E+00
+23.67500E-03,-3.07430914E+00
+23.70000E-03,-3.07430914E+00
+23.72500E-03,-3.07430914E+00
+23.75000E-03,-3.07430914E+00
+23.77500E-03,-3.07430914E+00
+23.80000E-03,-3.07430914E+00
+23.82500E-03,-3.05420863E+00
+23.85000E-03,-3.07430914E+00
+23.87500E-03,-3.07430914E+00
+23.90000E-03,-3.05169607E+00
+23.92500E-03,-3.03410813E+00
+23.95000E-03,-3.05169607E+00
+23.97500E-03,-3.03410813E+00
+24.00000E-03,-3.03410813E+00
+24.02500E-03,-3.03410813E+00
+24.05000E-03,-3.03410813E+00
+24.07500E-03,-3.03410813E+00
+24.10000E-03,-3.01149507E+00
+24.12500E-03,-2.99390713E+00
+24.15000E-03,-2.99390713E+00
+24.17500E-03,-2.95370612E+00
+24.20000E-03,-2.95370612E+00
+24.22500E-03,-2.95370612E+00
+24.25000E-03,-2.91350512E+00
+24.27500E-03,-2.89340462E+00
+24.30000E-03,-2.87330411E+00
+24.32500E-03,-2.85069105E+00
+24.35000E-03,-2.83310311E+00
+24.37500E-03,-2.81049004E+00
+24.40000E-03,-2.79290210E+00
+24.42500E-03,-2.75270110E+00
+24.45000E-03,-2.75270110E+00
+24.47500E-03,-2.71250010E+00
+24.50000E-03,-2.67229909E+00
+24.52500E-03,-2.63209809E+00
+24.55000E-03,-2.59189708E+00
+24.57500E-03,-2.55169608E+00
+24.60000E-03,-2.53159557E+00
+24.62500E-03,-2.47129407E+00
+24.65000E-03,-2.43109306E+00
+24.67500E-03,-2.39089206E+00
+24.70000E-03,-2.33310311E+00
+24.72500E-03,-2.27028904E+00
+24.75000E-03,-2.23008804E+00
+24.77500E-03,-2.14968603E+00
+24.80000E-03,-2.10948503E+00
+24.82500E-03,-2.06928402E+00
+24.85000E-03,-1.98888201E+00
+24.87500E-03,-1.94868101E+00
+24.90000E-03,-1.90848000E+00
+24.92500E-03,-1.85069106E+00
+24.95000E-03,-1.78787699E+00
+24.97500E-03,-1.72757548E+00
+25.00000E-03,-1.66727398E+00
+25.02500E-03,-1.62707297E+00
+25.05000E-03,-1.58687197E+00
+25.07500E-03,-1.48636946E+00
+25.10000E-03,-1.46626895E+00
+25.12500E-03,-1.38586694E+00
+25.15000E-03,-1.34566594E+00
+25.17500E-03,-1.28536443E+00
+25.20000E-03,-1.24516343E+00
+25.22500E-03,-1.18486192E+00
+25.25000E-03,-1.14466092E+00
+25.27500E-03,-1.10445991E+00
+25.30000E-03,-1.06425891E+00
+25.32500E-03,-1.02405790E+00
+25.35000E-03,-1.00646996E+00
+25.37500E-03,-943.65589E-03
+25.40000E-03,-903.45489E-03
+25.42500E-03,-903.45489E-03
+25.45000E-03,-863.25388E-03
+25.47500E-03,-843.15338E-03
+25.50000E-03,-802.95238E-03
+25.52500E-03,-782.85187E-03
+25.55000E-03,-782.85187E-03
+25.57500E-03,-742.65087E-03
+25.60000E-03,-725.06293E-03
+25.62500E-03,-702.44987E-03
+25.65000E-03,-702.44987E-03
+25.67500E-03,-702.44987E-03
+25.70000E-03,-702.44987E-03
+25.72500E-03,-702.44987E-03
+25.75000E-03,-662.24886E-03
+25.77500E-03,-662.24886E-03
+25.80000E-03,-684.86193E-03
+25.82500E-03,-702.44987E-03
+25.85000E-03,-702.44987E-03
+25.87500E-03,-725.06293E-03
+25.90000E-03,-742.65087E-03
+25.92500E-03,-782.85187E-03
+25.95000E-03,-863.25388E-03
+25.97500E-03,-943.65589E-03
+26.00000E-03,-983.85690E-03
+26.02500E-03,-943.65589E-03
+26.05000E-03,-963.75640E-03
+26.07500E-03,-1.02405790E+00
+26.10000E-03,-1.16727398E+00
+26.12500E-03,-1.42606795E+00
+26.15000E-03,-1.70747498E+00
+26.17500E-03,-1.94868101E+00
+26.20000E-03,-1.82807799E+00
+26.22500E-03,-1.86827900E+00
+26.25000E-03,-2.05169608E+00
+26.27500E-03,-2.08938452E+00
+26.30000E-03,-1.74767599E+00
+26.32500E-03,-1.46626895E+00
+26.35000E-03,-1.26526393E+00
+26.37500E-03,-1.14466092E+00
+26.40000E-03,-1.08435941E+00
+26.42500E-03,-1.06425891E+00
+26.45000E-03,-1.02405790E+00
+26.47500E-03,-983.85690E-03
+26.50000E-03,-963.75640E-03
+26.52500E-03,-983.85690E-03
+26.55000E-03,-983.85690E-03
+26.57500E-03,-983.85690E-03
+26.60000E-03,-983.85690E-03
+26.62500E-03,-983.85690E-03
+26.65000E-03,-1.02405790E+00
+26.67500E-03,-1.06425891E+00
+26.70000E-03,-1.06425891E+00
+26.72500E-03,-1.10445991E+00
+26.75000E-03,-1.14466092E+00
+26.77500E-03,-1.18486192E+00
+26.80000E-03,-1.22506293E+00
+26.82500E-03,-1.26526393E+00
+26.85000E-03,-1.32556544E+00
+26.87500E-03,-1.38586694E+00
+26.90000E-03,-1.42606795E+00
+26.92500E-03,-1.48888202E+00
+26.95000E-03,-1.54667096E+00
+26.97500E-03,-1.58687197E+00
+27.00000E-03,-1.66727398E+00
+27.02500E-03,-1.73008805E+00
+27.05000E-03,-1.78787699E+00
+27.07500E-03,-1.85069106E+00
+27.10000E-03,-1.90848000E+00
+27.12500E-03,-1.94868101E+00
+27.15000E-03,-2.02908302E+00
+27.17500E-03,-2.10948503E+00
+27.20000E-03,-2.14968603E+00
+27.22500E-03,-2.18988704E+00
+27.25000E-03,-2.27028904E+00
+27.27500E-03,-2.31049005E+00
+27.30000E-03,-2.39089206E+00
+27.32500E-03,-2.43109306E+00
+27.35000E-03,-2.47129407E+00
+27.37500E-03,-2.55169608E+00
+27.40000E-03,-2.59189708E+00
+27.42500E-03,-2.63209809E+00
+27.45000E-03,-2.67229909E+00
+27.47500E-03,-2.73008803E+00
+27.50000E-03,-2.75270110E+00
+27.52500E-03,-2.79290210E+00
+27.55000E-03,-2.83310311E+00
+27.57500E-03,-2.87330411E+00
+27.60000E-03,-2.91350512E+00
+27.62500E-03,-2.91350512E+00
+27.65000E-03,-2.95370612E+00
+27.67500E-03,-2.97129406E+00
+27.70000E-03,-2.99390713E+00
+27.72500E-03,-2.99390713E+00
+27.75000E-03,-3.01149507E+00
+27.77500E-03,-3.03410813E+00
+27.80000E-03,-3.03410813E+00
+27.82500E-03,-3.03410813E+00
+27.85000E-03,-3.03410813E+00
+27.87500E-03,-3.03410813E+00
+27.90000E-03,-3.03410813E+00
+27.92500E-03,-3.03410813E+00
+27.95000E-03,-3.01400763E+00
+27.97500E-03,-2.99390713E+00
+28.00000E-03,-2.99390713E+00
+28.02500E-03,-2.97129406E+00
+28.05000E-03,-2.93109306E+00
+28.07500E-03,-2.91350512E+00
+28.10000E-03,-2.87330411E+00
+28.12500E-03,-2.87330411E+00
+28.15000E-03,-2.83310311E+00
+28.17500E-03,-2.83310311E+00
+28.20000E-03,-2.79290210E+00
+28.22500E-03,-2.77280160E+00
+28.25000E-03,-2.75270110E+00
+28.27500E-03,-2.71250010E+00
+28.30000E-03,-2.67229909E+00
+28.32500E-03,-2.65219859E+00
+28.35000E-03,-2.63209809E+00
+28.37500E-03,-2.59189708E+00
+28.40000E-03,-2.55169608E+00
+28.42500E-03,-2.51149507E+00
+28.45000E-03,-2.47129407E+00
+28.47500E-03,-2.39089206E+00
+28.50000E-03,-2.37079156E+00
+28.52500E-03,-2.37330412E+00
+28.55000E-03,-2.35069105E+00
+28.57500E-03,-2.33059055E+00
+28.60000E-03,-2.31049005E+00
+28.62500E-03,-2.27028904E+00
+28.65000E-03,-2.23008804E+00
+28.67500E-03,-2.23008804E+00
+28.70000E-03,-2.18988704E+00
+28.72500E-03,-2.14968603E+00
+28.75000E-03,-2.10948503E+00
+28.77500E-03,-2.10948503E+00
+28.80000E-03,-2.10948503E+00
+28.82500E-03,-2.06928402E+00
+28.85000E-03,-2.05169608E+00
+28.87500E-03,-2.02908302E+00
+28.90000E-03,-2.02908302E+00
+28.92500E-03,-1.98888201E+00
+28.95000E-03,-1.98888201E+00
+28.97500E-03,-1.94868101E+00
+29.00000E-03,-1.92858051E+00
+29.02500E-03,-1.90848000E+00
+29.05000E-03,-1.90848000E+00
+29.07500E-03,-1.89089206E+00
+29.10000E-03,-1.86827900E+00
+29.12500E-03,-1.86827900E+00
+29.15000E-03,-1.86827900E+00
+29.17500E-03,-1.84817850E+00
+29.20000E-03,-1.86827900E+00
+29.22500E-03,-1.85069106E+00
+29.25000E-03,-1.86827900E+00
+29.27500E-03,-1.86827900E+00
+29.30000E-03,-1.90848000E+00
+29.32500E-03,-1.94868101E+00
+29.35000E-03,-1.98888201E+00
+29.37500E-03,-2.02908302E+00
+29.40000E-03,-2.10948503E+00
+29.42500E-03,-2.13209809E+00
+29.45000E-03,-2.04918352E+00
+29.47500E-03,-1.98888201E+00
+29.50000E-03,-1.96878151E+00
+29.52500E-03,-1.94868101E+00
+29.55000E-03,-1.92858051E+00
+29.57500E-03,-1.90848000E+00
+29.60000E-03,-1.90848000E+00
+29.62500E-03,-1.94868101E+00
+29.65000E-03,-1.98888201E+00
+29.67500E-03,-2.02908302E+00
+29.70000E-03,-2.10948503E+00
+29.72500E-03,-2.18988704E+00
+29.75000E-03,-2.31049005E+00
+29.77500E-03,-2.43109306E+00
+29.80000E-03,-2.63209809E+00
+29.82500E-03,-2.87330411E+00
+29.85000E-03,-3.03410813E+00
+29.87500E-03,-2.95370612E+00
+29.90000E-03,-2.79290210E+00
+29.92500E-03,-2.65219859E+00
+29.95000E-03,-2.59189708E+00
+29.97500E-03,-2.59189708E+00
+30.00000E-03,-2.63209809E+00
+30.02500E-03,-2.67229909E+00
+30.05000E-03,-2.79290210E+00
+30.07500E-03,-2.95370612E+00
+30.10000E-03,-3.15471115E+00
+30.12500E-03,-3.23511316E+00
+30.15000E-03,-3.11451014E+00
+30.17500E-03,-2.95370612E+00
+30.20000E-03,-2.83310311E+00
+30.22500E-03,-2.77028904E+00
+30.25000E-03,-2.75270110E+00
+30.27500E-03,-2.75270110E+00
+30.30000E-03,-2.73260060E+00
+30.32500E-03,-2.75270110E+00
+30.35000E-03,-2.75270110E+00
+30.37500E-03,-2.75270110E+00
+30.40000E-03,-2.77280160E+00
+30.42500E-03,-2.79290210E+00
+30.45000E-03,-2.83310311E+00
+30.47500E-03,-2.87330411E+00
+30.50000E-03,-2.89340462E+00
+30.52500E-03,-2.95370612E+00
+30.55000E-03,-2.99390713E+00
+30.57500E-03,-2.99390713E+00
+30.60000E-03,-3.03410813E+00
+30.62500E-03,-3.03410813E+00
+30.65000E-03,-3.07430914E+00
+30.67500E-03,-3.11451014E+00
+30.70000E-03,-3.13461064E+00
+30.72500E-03,-3.17229909E+00
+30.75000E-03,-3.19491215E+00
+30.77500E-03,-3.23511316E+00
+30.80000E-03,-3.27531416E+00
+30.82500E-03,-3.29290210E+00
+30.85000E-03,-3.35571617E+00
+30.87500E-03,-3.35571617E+00
+30.90000E-03,-3.37581667E+00
+30.92500E-03,-3.39591717E+00
+30.95000E-03,-3.41350511E+00
+30.97500E-03,-3.43611818E+00
+31.00000E-03,-3.47631918E+00
+31.02500E-03,-3.51652019E+00
+31.05000E-03,-3.51652019E+00
+31.07500E-03,-3.55672119E+00
+31.10000E-03,-3.55672119E+00
+31.12500E-03,-3.59692220E+00
+31.15000E-03,-3.59692220E+00
+31.17500E-03,-3.63712320E+00
+31.20000E-03,-3.65722370E+00
+31.22500E-03,-3.67732421E+00
+31.25000E-03,-3.67732421E+00
+31.27500E-03,-3.71752521E+00
+31.30000E-03,-3.71752521E+00
+31.32500E-03,-3.71752521E+00
+31.35000E-03,-3.75772621E+00
+31.37500E-03,-3.77531415E+00
+31.40000E-03,-3.77531415E+00
+31.42500E-03,-3.79792722E+00
+31.45000E-03,-3.79792722E+00
+31.47500E-03,-3.83812822E+00
+31.50000E-03,-3.83812822E+00
+31.52500E-03,-3.85822873E+00
+31.55000E-03,-3.87832923E+00
+31.57500E-03,-3.87832923E+00
+31.60000E-03,-3.87832923E+00
+31.62500E-03,-3.91853023E+00
+31.65000E-03,-3.91853023E+00
+31.67500E-03,-3.91853023E+00
+31.70000E-03,-3.91853023E+00
+31.72500E-03,-3.91853023E+00
+31.75000E-03,-3.93611817E+00
+31.77500E-03,-3.95873124E+00
+31.80000E-03,-3.95873124E+00
+31.82500E-03,-3.95873124E+00
+31.85000E-03,-3.95873124E+00
+31.87500E-03,-3.99893224E+00
+31.90000E-03,-3.99893224E+00
+31.92500E-03,-3.99893224E+00
+31.95000E-03,-3.99893224E+00
+31.97500E-03,-4.01652018E+00
+32.00000E-03,-4.01903274E+00
+32.02500E-03,-4.03913325E+00
+32.05000E-03,-4.03913325E+00
+32.07500E-03,-4.03913325E+00
+32.10000E-03,-4.03913325E+00
+32.12500E-03,-4.03913325E+00
+32.15000E-03,-4.07933425E+00
+32.17500E-03,-4.03913325E+00
+32.20000E-03,-4.07933425E+00
+32.22500E-03,-4.07933425E+00
+32.25000E-03,-4.05672119E+00
+32.27500E-03,-4.07933425E+00
+32.30000E-03,-4.07933425E+00
+32.32500E-03,-4.07933425E+00
+32.35000E-03,-4.11953526E+00
+32.37500E-03,-4.11953526E+00
+32.40000E-03,-4.09943475E+00
+32.42500E-03,-4.09943475E+00
+32.45000E-03,-4.11953526E+00
+32.47500E-03,-4.11953526E+00
+32.50000E-03,-4.11953526E+00
+32.52500E-03,-4.11953526E+00
+32.55000E-03,-4.11953526E+00
+32.57500E-03,-4.11953526E+00
+32.60000E-03,-4.13963576E+00
+32.62500E-03,-4.15973626E+00
+32.65000E-03,-4.15973626E+00
+32.67500E-03,-4.15973626E+00
+32.70000E-03,-4.15973626E+00
+32.72500E-03,-4.15973626E+00
+32.75000E-03,-4.15973626E+00
+32.77500E-03,-4.15973626E+00
+32.80000E-03,-4.15973626E+00
+32.82500E-03,-4.17983676E+00
+32.85000E-03,-4.15973626E+00
+32.87500E-03,-4.15973626E+00
+32.90000E-03,-4.15973626E+00
+32.92500E-03,-4.19993727E+00
+32.95000E-03,-4.19993727E+00
+32.97500E-03,-4.19993727E+00
+33.00000E-03,-4.19993727E+00
+33.02500E-03,-4.19993727E+00
+33.05000E-03,-4.19993727E+00
+33.07500E-03,-4.21752520E+00
+33.10000E-03,-4.19993727E+00
+33.12500E-03,-4.19993727E+00
+33.15000E-03,-4.19993727E+00
+33.17500E-03,-4.19993727E+00
+33.20000E-03,-4.22003777E+00
+33.22500E-03,-4.24013827E+00
+33.25000E-03,-4.24013827E+00
+33.27500E-03,-4.24013827E+00
+33.30000E-03,-4.24013827E+00
+33.32500E-03,-4.24013827E+00
+33.35000E-03,-4.24013827E+00
+33.37500E-03,-4.24013827E+00
+33.40000E-03,-4.24013827E+00
+33.42500E-03,-4.24013827E+00
+33.45000E-03,-4.24013827E+00
+33.47500E-03,-4.24013827E+00
+33.50000E-03,-4.24013827E+00
+33.52500E-03,-4.26023877E+00
+33.55000E-03,-4.28033927E+00
+33.57500E-03,-4.28033927E+00
+33.60000E-03,-4.28033927E+00
+33.62500E-03,-4.28033927E+00
+33.65000E-03,-4.28033927E+00
+33.67500E-03,-4.25772621E+00
+33.70000E-03,-4.28033927E+00
+33.72500E-03,-4.28033927E+00
+33.75000E-03,-4.28033927E+00
+33.77500E-03,-4.30043978E+00
+33.80000E-03,-4.28033927E+00
+33.82500E-03,-4.29792721E+00
+33.85000E-03,-4.28033927E+00
+33.87500E-03,-4.30043978E+00
+33.90000E-03,-4.29792721E+00
+33.92500E-03,-4.32054028E+00
+33.95000E-03,-4.32054028E+00
+33.97500E-03,-4.32054028E+00
+34.00000E-03,-4.32054028E+00
+34.02500E-03,-4.32054028E+00
+34.05000E-03,-4.32054028E+00
+34.07500E-03,-4.32054028E+00
+34.10000E-03,-4.32054028E+00
+34.12500E-03,-4.32054028E+00
+34.15000E-03,-4.32054028E+00
+34.17500E-03,-4.32054028E+00
+34.20000E-03,-4.32054028E+00
+34.22500E-03,-4.32054028E+00
+34.25000E-03,-4.33812822E+00
+34.27500E-03,-4.32054028E+00
+34.30000E-03,-4.36074128E+00
+34.32500E-03,-4.32054028E+00
+34.35000E-03,-4.33812822E+00
+34.37500E-03,-4.33812822E+00
+34.40000E-03,-4.36074128E+00
+34.42500E-03,-4.33812822E+00
+34.45000E-03,-4.36074128E+00
+34.47500E-03,-4.36074128E+00
+34.50000E-03,-4.36074128E+00
+34.52500E-03,-4.36074128E+00
+34.55000E-03,-4.36074128E+00
+34.57500E-03,-4.36074128E+00
+34.60000E-03,-4.36074128E+00
+34.62500E-03,-4.36074128E+00
+34.65000E-03,-4.36074128E+00
+34.67500E-03,-4.36074128E+00
+34.70000E-03,-4.36074128E+00
+34.72500E-03,-4.36074128E+00
+34.75000E-03,-4.36074128E+00
+34.77500E-03,-4.37832922E+00
+34.80000E-03,-4.36074128E+00
+34.82500E-03,-4.38084179E+00
+34.85000E-03,-4.36074128E+00
+34.87500E-03,-4.37832922E+00
+34.90000E-03,-4.38084179E+00
+34.92500E-03,-4.38084179E+00
+34.95000E-03,-4.36074128E+00
+34.97500E-03,-4.36074128E+00
+35.00000E-03,-4.40094229E+00
+35.02500E-03,-4.38084179E+00
+35.05000E-03,-4.40094229E+00
+35.07500E-03,-4.40094229E+00
+35.10000E-03,-4.40094229E+00
+35.12500E-03,-4.40094229E+00
+35.15000E-03,-4.40094229E+00
+35.17500E-03,-4.40094229E+00
+35.20000E-03,-4.40094229E+00
+35.22500E-03,-4.40094229E+00
+35.25000E-03,-4.40094229E+00
+35.27500E-03,-4.42104279E+00
+35.30000E-03,-4.40094229E+00
+35.32500E-03,-4.42104279E+00
+35.35000E-03,-4.40094229E+00
+35.37500E-03,-4.41853023E+00
+35.40000E-03,-4.41853023E+00
+35.42500E-03,-4.42104279E+00
+35.45000E-03,-4.44114329E+00
+35.47500E-03,-4.42104279E+00
+35.50000E-03,-4.44114329E+00
+35.52500E-03,-4.44114329E+00
+35.55000E-03,-4.44114329E+00
+35.57500E-03,-4.44114329E+00
+35.60000E-03,-4.44114329E+00
+35.62500E-03,-4.44114329E+00
+35.65000E-03,-4.44114329E+00
+35.67500E-03,-4.44114329E+00
+35.70000E-03,-4.44114329E+00
+35.72500E-03,-4.45873123E+00
+35.75000E-03,-4.45873123E+00
+35.77500E-03,-4.45873123E+00
+35.80000E-03,-4.48134430E+00
+35.82500E-03,-4.48134430E+00
+35.85000E-03,-4.48134430E+00
+35.87500E-03,-4.45873123E+00
+35.90000E-03,-4.48134430E+00
+35.92500E-03,-4.48134430E+00
+35.95000E-03,-4.48134430E+00
+35.97500E-03,-4.48134430E+00
+36.00000E-03,-4.48134430E+00
+36.02500E-03,-4.48134430E+00
+36.05000E-03,-4.48134430E+00
+36.07500E-03,-4.52154530E+00
+36.10000E-03,-4.50144480E+00
+36.12500E-03,-4.50144480E+00
+36.15000E-03,-4.49893224E+00
+36.17500E-03,-4.52154530E+00
+36.20000E-03,-4.52154530E+00
+36.22500E-03,-4.52154530E+00
+36.25000E-03,-4.50144480E+00
+36.27500E-03,-4.52154530E+00
+36.30000E-03,-4.52154530E+00
+36.32500E-03,-4.52154530E+00
+36.35000E-03,-4.52154530E+00
+36.37500E-03,-4.52154530E+00
+36.40000E-03,-4.52154530E+00
+36.42500E-03,-4.52154530E+00
+36.45000E-03,-4.53913324E+00
+36.47500E-03,-4.53913324E+00
+36.50000E-03,-4.56174631E+00
+36.52500E-03,-4.56174631E+00
+36.55000E-03,-4.56174631E+00
+36.57500E-03,-4.56174631E+00
+36.60000E-03,-4.56174631E+00
+36.62500E-03,-4.56174631E+00
+36.65000E-03,-4.56174631E+00
+36.67500E-03,-4.56174631E+00
+36.70000E-03,-4.56174631E+00
+36.72500E-03,-4.56174631E+00
+36.75000E-03,-4.58184681E+00
+36.77500E-03,-4.58184681E+00
+36.80000E-03,-4.57933425E+00
+36.82500E-03,-4.60194731E+00
+36.85000E-03,-4.60194731E+00
+36.87500E-03,-4.60194731E+00
+36.90000E-03,-4.60194731E+00
+36.92500E-03,-4.60194731E+00
+36.95000E-03,-4.62204781E+00
+36.97500E-03,-4.60194731E+00
+37.00000E-03,-4.62204781E+00
+37.02500E-03,-4.64214832E+00
+37.05000E-03,-4.64214832E+00
+37.07500E-03,-4.64214832E+00
+37.10000E-03,-4.64214832E+00
+37.12500E-03,-4.64214832E+00
+37.15000E-03,-4.68234932E+00
+37.17500E-03,-4.68234932E+00
+37.20000E-03,-4.68234932E+00
+37.22500E-03,-4.68234932E+00
+37.25000E-03,-4.68234932E+00
+37.27500E-03,-4.68234932E+00
+37.30000E-03,-4.68234932E+00
+37.32500E-03,-4.68234932E+00
+37.35000E-03,-4.68234932E+00
+37.37500E-03,-4.69993726E+00
+37.40000E-03,-4.72255033E+00
+37.42500E-03,-4.72255033E+00
+37.45000E-03,-4.70244982E+00
+37.47500E-03,-4.72255033E+00
+37.50000E-03,-4.72255033E+00
+37.52500E-03,-4.72255033E+00
+37.55000E-03,-4.72255033E+00
+37.57500E-03,-4.74013826E+00
+37.60000E-03,-4.74013826E+00
+37.62500E-03,-4.76275133E+00
+37.65000E-03,-4.76275133E+00
+37.67500E-03,-4.76275133E+00
+37.70000E-03,-4.76275133E+00
+37.72500E-03,-4.76275133E+00
+37.75000E-03,-4.76275133E+00
+37.77500E-03,-4.78033927E+00
+37.80000E-03,-4.78285183E+00
+37.82500E-03,-4.76275133E+00
+37.85000E-03,-4.78033927E+00
+37.87500E-03,-4.78033927E+00
+37.90000E-03,-4.76275133E+00
+37.92500E-03,-4.80295233E+00
+37.95000E-03,-4.78285183E+00
+37.97500E-03,-4.80295233E+00
+38.00000E-03,-4.80295233E+00
+38.02500E-03,-4.80295233E+00
+38.05000E-03,-4.80295233E+00
+38.07500E-03,-4.82305284E+00
+38.10000E-03,-4.82305284E+00
+38.12500E-03,-4.80295233E+00
+38.15000E-03,-4.84315334E+00
+38.17500E-03,-4.82054027E+00
+38.20000E-03,-4.84315334E+00
+38.22500E-03,-4.84315334E+00
+38.25000E-03,-4.84315334E+00
+38.27500E-03,-4.84315334E+00
+38.30000E-03,-4.84315334E+00
+38.32500E-03,-4.84315334E+00
+38.35000E-03,-4.84315334E+00
+38.37500E-03,-4.84315334E+00
+38.40000E-03,-4.86074128E+00
+38.42500E-03,-4.88335434E+00
+38.45000E-03,-4.86074128E+00
+38.47500E-03,-4.86074128E+00
+38.50000E-03,-4.88335434E+00
+38.52500E-03,-4.88335434E+00
+38.55000E-03,-4.88335434E+00
+38.57500E-03,-4.88335434E+00
+38.60000E-03,-4.88335434E+00
+38.62500E-03,-4.88335434E+00
+38.65000E-03,-4.88335434E+00
+38.67500E-03,-4.88335434E+00
+38.70000E-03,-4.88335434E+00
+38.72500E-03,-4.90345485E+00
+38.75000E-03,-4.88335434E+00
+38.77500E-03,-4.90094228E+00
+38.80000E-03,-4.92355535E+00
+38.82500E-03,-4.92355535E+00
+38.85000E-03,-4.90345485E+00
+38.87500E-03,-4.92355535E+00
+38.90000E-03,-4.92355535E+00
+38.92500E-03,-4.92355535E+00
+38.95000E-03,-4.92355535E+00
+38.97500E-03,-4.92355535E+00
+39.00000E-03,-4.92355535E+00
+39.02500E-03,-4.92355535E+00
+39.05000E-03,-4.92355535E+00
+39.07500E-03,-4.92355535E+00
+39.10000E-03,-4.92355535E+00
+39.12500E-03,-4.94365585E+00
+39.15000E-03,-4.94365585E+00
+39.17500E-03,-4.96375635E+00
+39.20000E-03,-4.96375635E+00
+39.22500E-03,-4.96375635E+00
+39.25000E-03,-4.96375635E+00
+39.27500E-03,-4.96375635E+00
+39.30000E-03,-4.96375635E+00
+39.32500E-03,-4.96375635E+00
+39.35000E-03,-4.98134429E+00
+39.37500E-03,-4.98385685E+00
+39.40000E-03,-4.98385685E+00
+39.42500E-03,-4.98385685E+00
+39.45000E-03,-4.96375635E+00
+39.47500E-03,-5.00395736E+00
+39.50000E-03,-5.00395736E+00
+39.52500E-03,-4.98134429E+00
+39.55000E-03,-5.00395736E+00
+39.57500E-03,-5.00395736E+00
+39.60000E-03,-5.00395736E+00
+39.62500E-03,-5.00395736E+00
+39.65000E-03,-5.00395736E+00
+39.67500E-03,-5.00395736E+00
+39.70000E-03,-5.00395736E+00
+39.72500E-03,-5.00395736E+00
+39.75000E-03,-5.02154530E+00
+39.77500E-03,-5.02154530E+00
+39.80000E-03,-5.04415836E+00
+39.82500E-03,-5.02405786E+00
+39.85000E-03,-5.04415836E+00
+39.87500E-03,-5.02405786E+00
+39.90000E-03,-5.04415836E+00
+39.92500E-03,-5.04415836E+00
+39.95000E-03,-5.04415836E+00
+39.97500E-03,-5.04415836E+00
+40.00000E-03,-5.06425886E+00
+40.02500E-03,-5.06174630E+00
+40.05000E-03,-5.04415836E+00
+40.07500E-03,-5.04415836E+00
+40.10000E-03,-5.04415836E+00
+40.12500E-03,-5.06174630E+00
+40.15000E-03,-5.06425886E+00
+40.17500E-03,-5.08435937E+00
+40.20000E-03,-5.08435937E+00
+40.22500E-03,-5.08435937E+00
+40.25000E-03,-5.08435937E+00
+40.27500E-03,-5.08435937E+00
+40.30000E-03,-5.08435937E+00
+40.32500E-03,-5.08435937E+00
+40.35000E-03,-5.08435937E+00
+40.37500E-03,-5.08435937E+00
+40.40000E-03,-5.12456037E+00
+40.42500E-03,-5.12456037E+00
+40.45000E-03,-5.12456037E+00
+40.47500E-03,-5.10445987E+00
+40.50000E-03,-5.12456037E+00
+40.52500E-03,-5.12456037E+00
+40.55000E-03,-5.12456037E+00
+40.57500E-03,-5.12456037E+00
+40.60000E-03,-5.12456037E+00
+40.62500E-03,-5.12456037E+00
+40.65000E-03,-5.12456037E+00
+40.67500E-03,-5.14466087E+00
+40.70000E-03,-5.12456037E+00
+40.72500E-03,-5.16476138E+00
+40.75000E-03,-5.16476138E+00
+40.77500E-03,-5.16476138E+00
+40.80000E-03,-5.16476138E+00
+40.82500E-03,-5.16476138E+00
+40.85000E-03,-5.16476138E+00
+40.87500E-03,-5.16476138E+00
+40.90000E-03,-5.18486188E+00
+40.92500E-03,-5.16476138E+00
+40.95000E-03,-5.16476138E+00
+40.97500E-03,-5.16476138E+00
+41.00000E-03,-5.18234932E+00
+41.02500E-03,-5.18486188E+00
+41.05000E-03,-5.16476138E+00
+41.07500E-03,-5.16476138E+00
+41.10000E-03,-5.18234932E+00
+41.12500E-03,-5.20496238E+00
+41.15000E-03,-5.20496238E+00
+41.17500E-03,-5.20496238E+00
+41.20000E-03,-5.18234932E+00
+41.22500E-03,-5.20496238E+00
+41.25000E-03,-5.20496238E+00
+41.27500E-03,-5.20496238E+00
+41.30000E-03,-5.20496238E+00
+41.32500E-03,-5.20496238E+00
+41.35000E-03,-5.20496238E+00
+41.37500E-03,-5.22506288E+00
+41.40000E-03,-5.20496238E+00
+41.42500E-03,-5.24516338E+00
+41.45000E-03,-5.22255032E+00
+41.47500E-03,-5.22506288E+00
+41.50000E-03,-5.24516338E+00
+41.52500E-03,-5.24516338E+00
+41.55000E-03,-5.24516338E+00
+41.57500E-03,-5.24516338E+00
+41.60000E-03,-5.24516338E+00
+41.62500E-03,-5.24516338E+00
+41.65000E-03,-5.24516338E+00
+41.67500E-03,-5.24516338E+00
+41.70000E-03,-5.24516338E+00
+41.72500E-03,-5.26275132E+00
+41.75000E-03,-5.26526389E+00
+41.77500E-03,-5.24516338E+00
+41.80000E-03,-5.26275132E+00
+41.82500E-03,-5.28536439E+00
+41.85000E-03,-5.28536439E+00
+41.87500E-03,-5.26275132E+00
+41.90000E-03,-5.28536439E+00
+41.92500E-03,-5.28536439E+00
+41.95000E-03,-5.28536439E+00
+41.97500E-03,-5.28536439E+00
+42.00000E-03,-5.28536439E+00
+42.02500E-03,-5.28536439E+00
+42.05000E-03,-5.30295233E+00
+42.07500E-03,-5.28536439E+00
+42.10000E-03,-5.30546489E+00
+42.12500E-03,-5.30295233E+00
+42.15000E-03,-5.32556539E+00
+42.17500E-03,-5.32556539E+00
+42.20000E-03,-5.32556539E+00
+42.22500E-03,-5.32556539E+00
+42.25000E-03,-5.32556539E+00
+42.27500E-03,-5.32556539E+00
+42.30000E-03,-5.32556539E+00
+42.32500E-03,-5.34315333E+00
+42.35000E-03,-5.34315333E+00
+42.37500E-03,-5.34566590E+00
+42.40000E-03,-5.36576640E+00
+42.42500E-03,-5.32556539E+00
+42.45000E-03,-5.36576640E+00
+42.47500E-03,-5.36576640E+00
+42.50000E-03,-5.36576640E+00
+42.52500E-03,-5.34566590E+00
+42.55000E-03,-5.36576640E+00
+42.57500E-03,-5.36576640E+00
+42.60000E-03,-5.36576640E+00
+42.62500E-03,-5.36576640E+00
+42.65000E-03,-5.36576640E+00
+42.67500E-03,-5.36576640E+00
+42.70000E-03,-5.36576640E+00
+42.72500E-03,-5.36576640E+00
+42.75000E-03,-5.36576640E+00
+42.77500E-03,-5.38335434E+00
+42.80000E-03,-5.36576640E+00
+42.82500E-03,-5.40596740E+00
+42.85000E-03,-5.40596740E+00
+42.87500E-03,-5.40596740E+00
+42.90000E-03,-5.40596740E+00
+42.92500E-03,-5.40596740E+00
+42.95000E-03,-5.40596740E+00
+42.97500E-03,-5.40596740E+00
+43.00000E-03,-5.40596740E+00
+43.02500E-03,-5.40596740E+00
+43.05000E-03,-5.40596740E+00
+43.07500E-03,-5.40596740E+00
+43.10000E-03,-5.40596740E+00
+43.12500E-03,-5.40596740E+00
+43.15000E-03,-5.40596740E+00
+43.17500E-03,-5.40596740E+00
+43.20000E-03,-5.40596740E+00
+43.22500E-03,-5.40596740E+00
+43.25000E-03,-5.40596740E+00
+43.27500E-03,-5.40596740E+00
+43.30000E-03,-5.40596740E+00
+43.32500E-03,-5.40596740E+00
+43.35000E-03,-5.38335434E+00
+43.37500E-03,-5.40596740E+00
+43.40000E-03,-5.40596740E+00
+43.42500E-03,-5.38335434E+00
+43.45000E-03,-5.38335434E+00
+43.47500E-03,-5.38586690E+00
+43.50000E-03,-5.40596740E+00
+43.52500E-03,-5.38335434E+00
+43.55000E-03,-5.36576640E+00
+43.57500E-03,-5.36576640E+00
+43.60000E-03,-5.38335434E+00
+43.62500E-03,-5.36576640E+00
+43.65000E-03,-5.36576640E+00
+43.67500E-03,-5.36576640E+00
+43.70000E-03,-5.38335434E+00
+43.72500E-03,-5.38586690E+00
+43.75000E-03,-5.36576640E+00
+43.77500E-03,-5.40596740E+00
+43.80000E-03,-5.36576640E+00
+43.82500E-03,-5.38586690E+00
+43.85000E-03,-5.36576640E+00
+43.87500E-03,-5.38335434E+00
+43.90000E-03,-5.36576640E+00
+43.92500E-03,-5.36576640E+00
+43.95000E-03,-5.38335434E+00
+43.97500E-03,-5.36576640E+00
+44.00000E-03,-5.38335434E+00
+44.02500E-03,-5.38586690E+00
+44.05000E-03,-5.40596740E+00
+44.07500E-03,-5.38586690E+00
+44.10000E-03,-5.38335434E+00
+44.12500E-03,-5.40596740E+00
+44.15000E-03,-5.38586690E+00
+44.17500E-03,-5.40596740E+00
+44.20000E-03,-5.40596740E+00
+44.22500E-03,-5.40596740E+00
+44.25000E-03,-5.40596740E+00
+44.27500E-03,-5.40596740E+00
+44.30000E-03,-5.40596740E+00
+44.32500E-03,-5.40596740E+00
+44.35000E-03,-5.40596740E+00
+44.37500E-03,-5.40596740E+00
+44.40000E-03,-5.40596740E+00
+44.42500E-03,-5.40596740E+00
+44.45000E-03,-5.42606791E+00
+44.47500E-03,-5.44616841E+00
+44.50000E-03,-5.44616841E+00
+44.52500E-03,-5.44616841E+00
+44.55000E-03,-5.44616841E+00
+44.57500E-03,-5.44616841E+00
+44.60000E-03,-5.44616841E+00
+44.62500E-03,-5.42606791E+00
+44.65000E-03,-5.44616841E+00
+44.67500E-03,-5.44616841E+00
+44.70000E-03,-5.44616841E+00
+44.72500E-03,-5.44616841E+00
+44.75000E-03,-5.44616841E+00
+44.77500E-03,-5.46626891E+00
+44.80000E-03,-5.44616841E+00
+44.82500E-03,-5.46375635E+00
+44.85000E-03,-5.44616841E+00
+44.87500E-03,-5.44616841E+00
+44.90000E-03,-5.48636941E+00
+44.92500E-03,-5.48636941E+00
+44.95000E-03,-5.46626891E+00
+44.97500E-03,-5.48636941E+00
+45.00000E-03,-5.48636941E+00
+45.02500E-03,-5.48636941E+00
+45.05000E-03,-5.48636941E+00
+45.07500E-03,-5.48636941E+00
+45.10000E-03,-5.50646991E+00
+45.12500E-03,-5.48636941E+00
+45.15000E-03,-5.48636941E+00
+45.17500E-03,-5.52657042E+00
+45.20000E-03,-5.50646991E+00
+45.22500E-03,-5.48636941E+00
+45.25000E-03,-5.52657042E+00
+45.27500E-03,-5.50395735E+00
+45.30000E-03,-5.52657042E+00
+45.32500E-03,-5.52657042E+00
+45.35000E-03,-5.52657042E+00
+45.37500E-03,-5.52657042E+00
+45.40000E-03,-5.52657042E+00
+45.42500E-03,-5.52657042E+00
+45.45000E-03,-5.52657042E+00
+45.47500E-03,-5.52657042E+00
+45.50000E-03,-5.54667092E+00
+45.52500E-03,-5.54415836E+00
+45.55000E-03,-5.56677142E+00
+45.57500E-03,-5.56677142E+00
+45.60000E-03,-5.56677142E+00
+45.62500E-03,-5.54415836E+00
+45.65000E-03,-5.56677142E+00
+45.67500E-03,-5.56677142E+00
+45.70000E-03,-5.56677142E+00
+45.72500E-03,-5.56677142E+00
+45.75000E-03,-5.58435936E+00
+45.77500E-03,-5.58687192E+00
+45.80000E-03,-5.58435936E+00
+45.82500E-03,-5.60697243E+00
+45.85000E-03,-5.58435936E+00
+45.87500E-03,-5.60697243E+00
+45.90000E-03,-5.60697243E+00
+45.92500E-03,-5.62456037E+00
+45.95000E-03,-5.60697243E+00
+45.97500E-03,-5.64717343E+00
+46.00000E-03,-5.64717343E+00
+46.02500E-03,-5.64717343E+00
+46.05000E-03,-5.64717343E+00
+46.07500E-03,-5.64717343E+00
+46.10000E-03,-5.68737444E+00
+46.12500E-03,-5.68737444E+00
+46.15000E-03,-5.68737444E+00
+46.17500E-03,-5.68737444E+00
+46.20000E-03,-5.68737444E+00
+46.22500E-03,-5.70496237E+00
+46.25000E-03,-5.70747494E+00
+46.27500E-03,-5.70747494E+00
+46.30000E-03,-5.72757544E+00
+46.32500E-03,-5.74767594E+00
+46.35000E-03,-5.74516338E+00
+46.37500E-03,-5.72757544E+00
+46.40000E-03,-5.76777644E+00
+46.42500E-03,-5.76777644E+00
+46.45000E-03,-5.76777644E+00
+46.47500E-03,-5.76777644E+00
+46.50000E-03,-5.78536438E+00
+46.52500E-03,-5.78787695E+00
+46.55000E-03,-5.80797745E+00
+46.57500E-03,
